<?xml version="1.0" encoding="UTF-8"?>
<GenRun Id="synth_1" LaunchPart="xc7z010clg400-1" LaunchTime="1733177780" LaunchIncrCheckpoint="$PSRCDIR/utils_1/imports/synth_1/Lab5.dcp">
  <File Type="PA-TCL" Name="Lab5.tcl"/>
  <File Type="RDS-PROPCONSTRS" Name="Lab5_drc_synth.rpt"/>
  <File Type="REPORTS-TCL" Name="Lab5_reports.tcl"/>
  <File Type="RDS-RDS" Name="Lab5.vds"/>
  <File Type="RDS-UTIL" Name="Lab5_utilization_synth.rpt"/>
  <File Type="RDS-UTIL-PB" Name="Lab5_utilization_synth.pb"/>
  <File Type="RDS-DCP" Name="Lab5.dcp"/>
  <File Type="VDS-TIMINGSUMMARY" Name="Lab5_timing_summary_synth.rpt"/>
  <File Type="VDS-TIMING-PB" Name="Lab5_timing_summary_synth.pb"/>
  <FileSet Name="sources" Type="DesignSrcs" RelSrcDir="$PSRCDIR/sources_1" RelGenDir="$PGENDIR/sources_1">
    <Filter Type="Srcs"/>
    <File Path="$PSRCDIR/sources_1/imports/Lab5_Files/timing.v">
      <FileInfo>
        <Attr Name="ImportPath" Val="$PPRDIR/Lab5_Files/timing.v"/>
        <Attr Name="ImportTime" Val="1286831964"/>
        <Attr Name="UsedIn" Val="synthesis"/>
        <Attr Name="UsedIn" Val="implementation"/>
        <Attr Name="UsedIn" Val="simulation"/>
      </FileInfo>
    </File>
    <File Path="$PSRCDIR/sources_1/imports/Lab5_Files/ClockGen.vhd">
      <FileInfo>
        <Attr Name="ImportPath" Val="$PPRDIR/Lab5_Files/ClockGen.vhd"/>
        <Attr Name="ImportTime" Val="1563829088"/>
        <Attr Name="UsedIn" Val="synthesis"/>
        <Attr Name="UsedIn" Val="simulation"/>
      </FileInfo>
    </File>
    <File Path="$PSRCDIR/sources_1/imports/Lab5_Files/DVI_Constants.vhd">
      <FileInfo>
        <Attr Name="ImportPath" Val="$PPRDIR/Lab5_Files/DVI_Constants.vhd"/>
        <Attr Name="ImportTime" Val="1563829088"/>
        <Attr Name="UsedIn" Val="synthesis"/>
        <Attr Name="UsedIn" Val="simulation"/>
      </FileInfo>
    </File>
    <File Path="$PSRCDIR/sources_1/imports/Lab5_Files/SyncAsync.vhd">
      <FileInfo>
        <Attr Name="ImportPath" Val="$PPRDIR/Lab5_Files/SyncAsync.vhd"/>
        <Attr Name="ImportTime" Val="1563829088"/>
        <Attr Name="UsedIn" Val="synthesis"/>
        <Attr Name="UsedIn" Val="simulation"/>
      </FileInfo>
    </File>
    <File Path="$PSRCDIR/sources_1/imports/Lab5_Files/SyncAsyncReset.vhd">
      <FileInfo>
        <Attr Name="ImportPath" Val="$PPRDIR/Lab5_Files/SyncAsyncReset.vhd"/>
        <Attr Name="ImportTime" Val="1563829088"/>
        <Attr Name="UsedIn" Val="synthesis"/>
        <Attr Name="UsedIn" Val="simulation"/>
      </FileInfo>
    </File>
    <File Path="$PSRCDIR/sources_1/imports/Lab5_Files/OutputSERDES.vhd">
      <FileInfo>
        <Attr Name="ImportPath" Val="$PPRDIR/Lab5_Files/OutputSERDES.vhd"/>
        <Attr Name="ImportTime" Val="1563829088"/>
        <Attr Name="UsedIn" Val="synthesis"/>
        <Attr Name="UsedIn" Val="simulation"/>
      </FileInfo>
    </File>
    <File Path="$PSRCDIR/sources_1/imports/Lab5_Files/TMDS_Encoder.vhd">
      <FileInfo>
        <Attr Name="ImportPath" Val="$PPRDIR/Lab5_Files/TMDS_Encoder.vhd"/>
        <Attr Name="ImportTime" Val="1563829088"/>
        <Attr Name="UsedIn" Val="synthesis"/>
        <Attr Name="UsedIn" Val="simulation"/>
      </FileInfo>
    </File>
    <File Path="$PSRCDIR/sources_1/imports/Lab5_Files/rgb2dvi.vhd">
      <FileInfo>
        <Attr Name="ImportPath" Val="$PPRDIR/Lab5_Files/rgb2dvi.vhd"/>
        <Attr Name="ImportTime" Val="1566073132"/>
        <Attr Name="UsedIn" Val="synthesis"/>
        <Attr Name="UsedIn" Val="simulation"/>
      </FileInfo>
    </File>
    <File Path="$PSRCDIR/sources_1/imports/Downloads/game_control.vhd">
      <FileInfo>
        <Attr Name="ImportPath" Val="$PPRDIR/../game_control.vhd"/>
        <Attr Name="ImportTime" Val="1733159383"/>
        <Attr Name="UsedIn" Val="synthesis"/>
        <Attr Name="UsedIn" Val="simulation"/>
      </FileInfo>
    </File>
    <File Path="$PSRCDIR/sources_1/imports/Lab5_Files/Lab5.vhd">
      <FileInfo>
        <Attr Name="ImportPath" Val="$PPRDIR/Lab5_Files/Lab5.vhd"/>
        <Attr Name="ImportTime" Val="1566080010"/>
        <Attr Name="UsedIn" Val="synthesis"/>
        <Attr Name="UsedIn" Val="simulation"/>
      </FileInfo>
    </File>
    <Config>
      <Option Name="DesignMode" Val="RTL"/>
      <Option Name="TopModule" Val="Lab5"/>
      <Option Name="TopAutoSet" Val="TRUE"/>
    </Config>
  </FileSet>
  <FileSet Name="constrs_in" Type="Constrs" RelSrcDir="$PSRCDIR/constrs_1" RelGenDir="$PGENDIR/constrs_1">
    <Filter Type="Constrs"/>
    <File Path="$PSRCDIR/constrs_1/imports/Lab5_Files/Lab5.xdc">
      <FileInfo>
        <Attr Name="ImportPath" Val="$PPRDIR/Lab5_Files/Lab5.xdc"/>
        <Attr Name="ImportTime" Val="1566059620"/>
        <Attr Name="UsedIn" Val="synthesis"/>
        <Attr Name="UsedIn" Val="implementation"/>
      </FileInfo>
    </File>
    <Config>
      <Option Name="ConstrsType" Val="XDC"/>
    </Config>
  </FileSet>
  <FileSet Name="utils" Type="Utils" RelSrcDir="$PSRCDIR/utils_1" RelGenDir="$PGENDIR/utils_1">
    <Filter Type="Utils"/>
    <File Path="$PSRCDIR/utils_1/imports/synth_1/Lab5.dcp">
      <FileInfo>
        <Attr Name="UsedIn" Val="synthesis"/>
        <Attr Name="UsedIn" Val="implementation"/>
        <Attr Name="UsedInSteps" Val="synth_1"/>
        <Attr Name="AutoDcp" Val="1"/>
      </FileInfo>
    </File>
    <Config>
      <Option Name="TopAutoSet" Val="TRUE"/>
    </Config>
  </FileSet>
  <Strategy Version="1" Minor="2">
    <StratHandle Name="Vivado Synthesis Defaults" Flow="Vivado Synthesis 2024"/>
    <Step Id="synth_design"/>
  </Strategy>
  <BlockFileSet Type="BlockSrcs" Name="pxl_clk_gen"/>
</GenRun>
