<?xml version="1.0" encoding="UTF-8"?>
<GenRun Id="impl_1" LaunchPart="xc7z010clg400-1" LaunchTime="1733177780">
  <File Type="ROUTE-PWR" Name="Lab5_power_routed.rpt"/>
  <File Type="PA-TCL" Name="Lab5.tcl"/>
  <File Type="ROUTE-PWR-SUM" Name="Lab5_power_summary_routed.pb"/>
  <File Type="REPORTS-TCL" Name="Lab5_reports.tcl"/>
  <File Type="OPT-RQA-PB" Name="Lab5_rqa_opted.pb"/>
  <File Type="BITSTR-MMI" Name="Lab5.mmi"/>
  <File Type="OPT-METHODOLOGY-DRC" Name="Lab5_methodology_drc_opted.rpt"/>
  <File Type="INIT-TIMING" Name="Lab5_timing_summary_init.rpt"/>
  <File Type="OPT-TIMING" Name="Lab5_timing_summary_opted.rpt"/>
  <File Type="OPT-DCP" Name="Lab5_opt.dcp"/>
  <File Type="OPT-DRC" Name="Lab5_drc_opted.rpt"/>
  <File Type="OPT-HWDEF" Name="Lab5.hwdef"/>
  <File Type="PWROPT-DCP" Name="Lab5_pwropt.dcp"/>
  <File Type="PWROPT-DRC" Name="Lab5_drc_pwropted.rpt"/>
  <File Type="PWROPT-TIMING" Name="Lab5_timing_summary_pwropted.rpt"/>
  <File Type="PLACE-DCP" Name="Lab5_placed.dcp"/>
  <File Type="PLACE-IO" Name="Lab5_io_placed.rpt"/>
  <File Type="PLACE-CLK" Name="Lab5_clock_utilization_placed.rpt"/>
  <File Type="PLACE-UTIL" Name="Lab5_utilization_placed.rpt"/>
  <File Type="PLACE-UTIL-PB" Name="Lab5_utilization_placed.pb"/>
  <File Type="PLACE-CTRL" Name="Lab5_control_sets_placed.rpt"/>
  <File Type="PLACE-SIMILARITY" Name="Lab5_incremental_reuse_placed.rpt"/>
  <File Type="PLACE-PRE-SIMILARITY" Name="Lab5_incremental_reuse_pre_placed.rpt"/>
  <File Type="BG-BIN" Name="Lab5.bin"/>
  <File Type="PLACE-TIMING" Name="Lab5_timing_summary_placed.rpt"/>
  <File Type="ROUTE-PWR-RPX" Name="Lab5_power_routed.rpx"/>
  <File Type="PLACE-RQA-PB" Name="Lab5_rqa_placed.pb"/>
  <File Type="POSTPLACE-PWROPT-DCP" Name="Lab5_postplace_pwropt.dcp"/>
  <File Type="BITSTR-MSK" Name="Lab5.msk"/>
  <File Type="POSTPLACE-PWROPT-TIMING" Name="Lab5_timing_summary_postplace_pwropted.rpt"/>
  <File Type="PHYSOPT-DCP" Name="Lab5_physopt.dcp"/>
  <File Type="PHYSOPT-DRC" Name="Lab5_drc_physopted.rpt"/>
  <File Type="BITSTR-RBT" Name="Lab5.rbt"/>
  <File Type="PHYSOPT-TIMING" Name="Lab5_timing_summary_physopted.rpt"/>
  <File Type="ROUTE-ERROR-DCP" Name="Lab5_routed_error.dcp"/>
  <File Type="ROUTE-DCP" Name="Lab5_routed.dcp"/>
  <File Type="ROUTE-BLACKBOX-DCP" Name="Lab5_routed_bb.dcp"/>
  <File Type="ROUTE-DRC" Name="Lab5_drc_routed.rpt"/>
  <File Type="ROUTE-DRC-PB" Name="Lab5_drc_routed.pb"/>
  <File Type="ROUTE-DRC-RPX" Name="Lab5_drc_routed.rpx"/>
  <File Type="ROUTE-METHODOLOGY-DRC" Name="Lab5_methodology_drc_routed.rpt"/>
  <File Type="ROUTE-METHODOLOGY-DRC-RPX" Name="Lab5_methodology_drc_routed.rpx"/>
  <File Type="ROUTE-METHODOLOGY-DRC-PB" Name="Lab5_methodology_drc_routed.pb"/>
  <File Type="ROUTE-RQS-PB" Name="Lab5_rqs_routed.pb"/>
  <File Type="ROUTE-STATUS" Name="Lab5_route_status.rpt"/>
  <File Type="ROUTE-STATUS-PB" Name="Lab5_route_status.pb"/>
  <File Type="ROUTE-TIMINGSUMMARY" Name="Lab5_timing_summary_routed.rpt"/>
  <File Type="ROUTE-TIMING-PB" Name="Lab5_timing_summary_routed.pb"/>
  <File Type="ROUTE-TIMING-RPX" Name="Lab5_timing_summary_routed.rpx"/>
  <File Type="ROUTE-SIMILARITY" Name="Lab5_incremental_reuse_routed.rpt"/>
  <File Type="ROUTE-CLK" Name="Lab5_clock_utilization_routed.rpt"/>
  <File Type="ROUTE-BUS-SKEW" Name="Lab5_bus_skew_routed.rpt"/>
  <File Type="ROUTE-BUS-SKEW-PB" Name="Lab5_bus_skew_routed.pb"/>
  <File Type="ROUTE-BUS-SKEW-RPX" Name="Lab5_bus_skew_routed.rpx"/>
  <File Type="POSTROUTE-PHYSOPT-DCP" Name="Lab5_postroute_physopt.dcp"/>
  <File Type="POSTROUTE-PHYSOPT-BLACKBOX-DCP" Name="Lab5_postroute_physopt_bb.dcp"/>
  <File Type="POSTROUTE-PHYSOPT-TIMING" Name="Lab5_timing_summary_postroute_physopted.rpt"/>
  <File Type="POSTROUTE-PHYSOPT-TIMING-PB" Name="Lab5_timing_summary_postroute_physopted.pb"/>
  <File Type="POSTROUTE-PHYSOPT-TIMING-RPX" Name="Lab5_timing_summary_postroute_physopted.rpx"/>
  <File Type="POSTROUTE-PHYSOPT-BUS-SKEW" Name="Lab5_bus_skew_postroute_physopted.rpt"/>
  <File Type="BG-BIT" Name="Lab5.bit"/>
  <File Type="POSTROUTE-PHYSOPT-BUS-SKEW-PB" Name="Lab5_bus_skew_postroute_physopted.pb"/>
  <File Type="POSTROUTE-PHYSOPT-BUS-SKEW-RPX" Name="Lab5_bus_skew_postroute_physopted.rpx"/>
  <File Type="BITSTR-NKY" Name="Lab5.nky"/>
  <File Type="BITSTR-BMM" Name="Lab5_bd.bmm"/>
  <File Type="PDI-FILE" Name="Lab5.pdi"/>
  <File Type="BOOT-PDI-FILE" Name="Lab5_boot.pdi"/>
  <File Type="PL-PDI-FILE" Name="Lab5_pld.pdi"/>
  <File Type="RCFI_FILE" Name="Lab5.rcfi"/>
  <File Type="CFI_FILE" Name="Lab5.cfi"/>
  <File Type="RNPI_FILE" Name="Lab5.rnpi"/>
  <File Type="NPI_FILE" Name="Lab5.npi"/>
  <File Type="RBD_FILE" Name="Lab5.rbd"/>
  <File Type="BITSTR-LTX" Name="debug_nets.ltx"/>
  <File Type="BITSTR-LTX" Name="Lab5.ltx"/>
  <File Type="BITSTR-SYSDEF" Name="Lab5.sysdef"/>
  <File Type="BG-BGN" Name="Lab5.bgn"/>
  <File Type="BG-DRC" Name="Lab5.drc"/>
  <File Type="RDI-RDI" Name="Lab5.vdi"/>
  <File Type="WBT-USG" Name="usage_statistics_webtalk.html"/>
  <File Type="ROUTE-RQS" Name="Lab5_routed.rqs"/>
  <File Type="POSTROUTE-PHYSOPT-RQS" Name="Lab5_postroute_physopted.rqs"/>
  <File Type="ROUTE-RQS-RPT" Name="route_report_qor_suggestions_0.rpt"/>
  <File Type="POSTROUTE-PHYSOPT-RQS-RPT" Name="postroute_physopt_report_qor_suggestions_0.rpt"/>
  <FileSet Name="sources" Type="DesignSrcs" RelSrcDir="$PSRCDIR/sources_1" RelGenDir="$PGENDIR/sources_1">
    <Filter Type="Srcs"/>
    <File Path="$PSRCDIR/sources_1/imports/Lab5_Files/timing.v">
      <FileInfo>
        <Attr Name="ImportPath" Val="$PPRDIR/Lab5_Files/timing.v"/>
        <Attr Name="ImportTime" Val="1286831964"/>
        <Attr Name="UsedIn" Val="synthesis"/>
        <Attr Name="UsedIn" Val="implementation"/>
        <Attr Name="UsedIn" Val="simulation"/>
      </FileInfo>
    </File>
    <File Path="$PSRCDIR/sources_1/imports/Lab5_Files/ClockGen.vhd">
      <FileInfo>
        <Attr Name="ImportPath" Val="$PPRDIR/Lab5_Files/ClockGen.vhd"/>
        <Attr Name="ImportTime" Val="1563829088"/>
        <Attr Name="UsedIn" Val="synthesis"/>
        <Attr Name="UsedIn" Val="simulation"/>
      </FileInfo>
    </File>
    <File Path="$PSRCDIR/sources_1/imports/Lab5_Files/DVI_Constants.vhd">
      <FileInfo>
        <Attr Name="ImportPath" Val="$PPRDIR/Lab5_Files/DVI_Constants.vhd"/>
        <Attr Name="ImportTime" Val="1563829088"/>
        <Attr Name="UsedIn" Val="synthesis"/>
        <Attr Name="UsedIn" Val="simulation"/>
      </FileInfo>
    </File>
    <File Path="$PSRCDIR/sources_1/imports/Lab5_Files/SyncAsync.vhd">
      <FileInfo>
        <Attr Name="ImportPath" Val="$PPRDIR/Lab5_Files/SyncAsync.vhd"/>
        <Attr Name="ImportTime" Val="1563829088"/>
        <Attr Name="UsedIn" Val="synthesis"/>
        <Attr Name="UsedIn" Val="simulation"/>
      </FileInfo>
    </File>
    <File Path="$PSRCDIR/sources_1/imports/Lab5_Files/SyncAsyncReset.vhd">
      <FileInfo>
        <Attr Name="ImportPath" Val="$PPRDIR/Lab5_Files/SyncAsyncReset.vhd"/>
        <Attr Name="ImportTime" Val="1563829088"/>
        <Attr Name="UsedIn" Val="synthesis"/>
        <Attr Name="UsedIn" Val="simulation"/>
      </FileInfo>
    </File>
    <File Path="$PSRCDIR/sources_1/imports/Lab5_Files/OutputSERDES.vhd">
      <FileInfo>
        <Attr Name="ImportPath" Val="$PPRDIR/Lab5_Files/OutputSERDES.vhd"/>
        <Attr Name="ImportTime" Val="1563829088"/>
        <Attr Name="UsedIn" Val="synthesis"/>
        <Attr Name="UsedIn" Val="simulation"/>
      </FileInfo>
    </File>
    <File Path="$PSRCDIR/sources_1/imports/Lab5_Files/TMDS_Encoder.vhd">
      <FileInfo>
        <Attr Name="ImportPath" Val="$PPRDIR/Lab5_Files/TMDS_Encoder.vhd"/>
        <Attr Name="ImportTime" Val="1563829088"/>
        <Attr Name="UsedIn" Val="synthesis"/>
        <Attr Name="UsedIn" Val="simulation"/>
      </FileInfo>
    </File>
    <File Path="$PSRCDIR/sources_1/imports/Lab5_Files/rgb2dvi.vhd">
      <FileInfo>
        <Attr Name="ImportPath" Val="$PPRDIR/Lab5_Files/rgb2dvi.vhd"/>
        <Attr Name="ImportTime" Val="1566073132"/>
        <Attr Name="UsedIn" Val="synthesis"/>
        <Attr Name="UsedIn" Val="simulation"/>
      </FileInfo>
    </File>
    <File Path="$PSRCDIR/sources_1/imports/Downloads/game_control.vhd">
      <FileInfo>
        <Attr Name="ImportPath" Val="$PPRDIR/../game_control.vhd"/>
        <Attr Name="ImportTime" Val="1733159383"/>
        <Attr Name="UsedIn" Val="synthesis"/>
        <Attr Name="UsedIn" Val="simulation"/>
      </FileInfo>
    </File>
    <File Path="$PSRCDIR/sources_1/imports/Lab5_Files/Lab5.vhd">
      <FileInfo>
        <Attr Name="ImportPath" Val="$PPRDIR/Lab5_Files/Lab5.vhd"/>
        <Attr Name="ImportTime" Val="1566080010"/>
        <Attr Name="UsedIn" Val="synthesis"/>
        <Attr Name="UsedIn" Val="simulation"/>
      </FileInfo>
    </File>
    <Config>
      <Option Name="DesignMode" Val="RTL"/>
      <Option Name="TopModule" Val="Lab5"/>
      <Option Name="TopAutoSet" Val="TRUE"/>
    </Config>
  </FileSet>
  <FileSet Name="constrs_in" Type="Constrs" RelSrcDir="$PSRCDIR/constrs_1" RelGenDir="$PGENDIR/constrs_1">
    <Filter Type="Constrs"/>
    <File Path="$PSRCDIR/constrs_1/imports/Lab5_Files/Lab5.xdc">
      <FileInfo>
        <Attr Name="ImportPath" Val="$PPRDIR/Lab5_Files/Lab5.xdc"/>
        <Attr Name="ImportTime" Val="1566059620"/>
        <Attr Name="UsedIn" Val="synthesis"/>
        <Attr Name="UsedIn" Val="implementation"/>
      </FileInfo>
    </File>
    <Config>
      <Option Name="ConstrsType" Val="XDC"/>
    </Config>
  </FileSet>
  <FileSet Name="utils" Type="Utils" RelSrcDir="$PSRCDIR/utils_1" RelGenDir="$PGENDIR/utils_1">
    <Filter Type="Utils"/>
    <File Path="$PSRCDIR/utils_1/imports/synth_1/Lab5.dcp">
      <FileInfo>
        <Attr Name="UsedIn" Val="synthesis"/>
        <Attr Name="UsedIn" Val="implementation"/>
        <Attr Name="UsedInSteps" Val="synth_1"/>
        <Attr Name="AutoDcp" Val="1"/>
      </FileInfo>
    </File>
    <Config>
      <Option Name="TopAutoSet" Val="TRUE"/>
    </Config>
  </FileSet>
  <Strategy Version="1" Minor="2">
    <StratHandle Name="Vivado Implementation Defaults" Flow="Vivado Implementation 2024"/>
    <Step Id="init_design"/>
    <Step Id="opt_design"/>
    <Step Id="power_opt_design"/>
    <Step Id="place_design"/>
    <Step Id="post_place_power_opt_design"/>
    <Step Id="phys_opt_design"/>
    <Step Id="route_design"/>
    <Step Id="post_route_phys_opt_design"/>
    <Step Id="write_bitstream"/>
  </Strategy>
  <BlockFileSet Type="BlockSrcs" Name="pxl_clk_gen"/>
</GenRun>
